Date,Open,High,Low,Close,Volume
2017-01-03 05:00:00,39.756792055649086,40.294086652648915,39.571572794947315,40.12376403808594,39180000
2017-01-04 05:00:00,40.21711601976733,40.392905527577895,39.93009797402981,40.11184310913086,30306000
2017-01-05 05:00:00,40.098436742240544,40.408299857458964,40.01997930599535,40.3725471496582,26810000
2017-01-06 05:00:00,40.470369671556966,41.164086582145956,40.297065466617894,40.97787094116211,40342000
2017-01-09 05:00:00,41.0354718233895,41.23708040934399,40.79959943866827,41.0756950378418,28178000
2017-01-10 05:00:00,41.07023173162525,41.18643086553079,40.87507886453228,41.01759338378906,23948000
2017-01-11 05:00:00,41.04789310271429,41.21076740538171,40.792157223608065,41.20878219604492,26508000
2017-01-12 05:00:00,41.13527777554206,41.23459504674686,40.76930225014116,41.192386627197266,26990000
2017-01-13 05:00:00,41.26538702392545,41.4466358613252,41.19189639981892,41.26240921020508,25804000
2017-01-17 05:00:00,41.21572857922101,41.22466580858141,40.87805739835459,41.089599609375,28818000
2017-01-18 05:00:00,41.20579897513737,41.20629527740645,40.921754957416184,41.16706466674805,20554000
2017-01-19 05:00:00,41.16607783536013,41.36470863928663,40.915805068239166,40.936161041259766,21410000
2017-01-20 05:00:00,41.17054521819564,41.177997330530495,40.947584230387726,41.12486267089844,26124000
2017-01-23 05:00:00,41.29568103409985,41.98740898673662,41.151177506556365,41.932289123535156,49148000
2017-01-24 05:00:00,42.05891399371897,42.284360255841996,41.825523106397696,42.185543060302734,33768000
2017-01-25 05:00:00,42.38516591469139,42.64536848806331,42.195968664918965,42.62848663330078,33108000
2017-01-26 05:00:00,42.65828381161536,42.75511580559934,42.23470682286839,42.55549240112305,69866000
2017-01-27 05:00:00,42.65580272895268,43.05306054401934,41.80665974503806,41.96208572387695,75050000
2017-01-30 05:00:00,41.566315413007224,41.574756340957656,40.770303325603095,40.90934753417969,70338000
2017-01-31 05:00:00,40.694324304166415,40.87160272048884,40.391413217067,40.72858810424805,40404000
2017-02-01 05:00:00,40.91778758574998,40.91778758574998,40.33431034795728,40.4827880859375,45020000
2017-02-02 05:00:00,40.47086977395169,40.945596195754895,40.32438103187881,40.63275146484375,33784000
2017-02-03 05:00:00,40.87458285248007,41.023553090709655,40.686874517917786,40.725608825683594,30562000
2017-02-06 05:00:00,40.764842404902836,40.83783672826764,40.43561213061393,40.79960250854492,27018000
2017-02-07 05:00:00,40.992278582904895,41.31107896839442,40.882535145550776,41.17749786376953,33332000
2017-02-08 05:00:00,41.2420487935951,41.426775532625584,40.97290520436103,41.20977020263672,26044000
2017-02-09 05:00:00,41.3016398052887,41.31405494072478,41.04193350863211,41.218711853027344,23884000
2017-02-10 05:00:00,41.36221919678686,41.570779815167924,41.24105703263709,41.45656967163086,28302000
2017-02-13 05:00:00,41.59809163060186,41.79871141252948,41.52608991296892,41.66066360473633,25914000
2017-02-14 05:00:00,41.7008832715197,41.81161929976121,41.50523408850118,41.71379470825195,27266000
2017-02-15 05:00:00,41.653210557941634,41.800199380777435,41.52460007366908,41.5792236328125,27144000
2017-02-16 05:00:00,41.6378193098121,41.84588362990161,41.57624372769271,41.820064544677734,20102000
2017-02-17 05:00:00,41.777356948266714,42.05693047974495,41.70138102068094,42.03756332397461,29224000
2017-02-21 05:00:00,42.10906952188531,42.318126436243645,42.03756032019427,42.172630310058594,25206000
2017-02-22 05:00:00,42.109572078811766,42.397086469402296,42.045511190282376,42.27642059326172,24488000
2017-02-23 05:00:00,42.262507684298654,42.338979904045395,41.83644546816198,42.2585334777832,27734000
2017-02-24 05:00:00,42.09218736291701,42.12744377012329,41.85929276586222,42.10013198852539,26924000
2017-02-27 05:00:00,41.95810995594312,42.242150185702336,41.86177427560064,42.1924934387207,20206000
2017-02-28 05:00:00,42.077288521529155,42.15078293456587,41.78381096023858,41.957115173339844,27662000
2017-03-01 05:00:00,42.27740910845223,42.606143082076564,42.16021736008158,42.544071197509766,36374000
2017-03-02 05:00:00,42.52221681960602,42.5311578377307,42.145318808547685,42.20143127441406,25018000
2017-03-03 05:00:00,42.1562445427286,42.24960241808962,41.94619500601725,42.1631965637207,20100000
2017-03-06 05:00:00,42.05295490701999,42.156242612540275,41.770403570860985,42.07331466674805,20958000
2017-03-07 05:00:00,42.07281971803925,42.37424191674379,41.986417653413916,42.265987396240234,20774000
2017-03-08 05:00:00,42.36381411775927,42.553011386983464,42.270956329884356,42.3896369934082,20576000
2017-03-09 05:00:00,42.39211880213235,42.74071244041223,42.341465659674824,42.59819412231445,26954000
2017-03-10 05:00:00,42.8395316442865,42.91550757296608,42.58677737671605,42.775474548339844,26732000
2017-03-13 04:00:00,42.74667237742227,43.05951331155852,42.74617607512288,42.93288803100586,23332000
2017-03-14 04:00:00,42.891669976605456,43.08185982725354,42.711910050836046,42.998931884765625,21234000
2017-03-15 04:00:00,43.09973678728409,43.196072473882325,42.77001020729285,43.1220817565918,26658000
2017-03-16 04:00:00,43.2283531741591,43.33660769842675,43.0788828253829,43.20203399658203,22090000
2017-03-17 04:00:00,43.38476710213492,43.42151620176282,43.121086629454275,43.31971740722656,37366000
2017-03-20 04:00:00,43.17620866314828,43.21891339220518,42.93735844638178,43.09824752807617,30844000
2017-03-21 04:00:00,43.205007661231754,43.37434145250998,42.0941695040565,42.2158317565918,50760000
2017-03-22 04:00:00,42.18305486862003,42.47454720092851,42.059903715071556,42.19894790649414,27334000
2017-03-23 04:00:00,41.781329250157704,41.79622589589648,41.364704317490535,41.694923400878906,65754000
2017-03-24 04:00:00,41.81161531893822,41.91093259643544,41.17103687477328,41.47096633911133,42114000
2017-03-27 04:00:00,41.12088595198128,41.78083543285697,40.93268508277159,41.6383171081543,38692000
2017-03-28 04:00:00,41.6969161841225,41.980460146889314,41.328455271228016,41.743595123291016,30384000
2017-03-29 04:00:00,41.84886266393899,42.287832548610666,41.78083136754701,42.202423095703125,29146000
2017-03-30 04:00:00,42.307203464638356,42.30819606926271,42.04848978300424,42.18305969238281,18988000
2017-03-31 04:00:00,42.05146442256738,42.187030714904175,41.972510686650914,42.099632263183594,28820000
2017-04-03 04:00:00,42.14680962085539,42.65579983201657,42.086226643187686,42.544071197509766,39388000
2017-04-04 04:00:00,42.109570701683985,42.357858255848235,42.08523673317207,42.33650588989258,26970000
2017-04-05 04:00:00,42.442769094999306,42.73475396976128,42.08573073269953,42.154754638671875,37104000
2017-04-06 04:00:00,42.18405520579315,42.38715652249713,41.91094116113883,41.9655647277832,30672000
2017-04-07 04:00:00,41.960596591297744,42.004293927806955,41.57823542542362,41.81658935546875,22232000
2017-04-10 04:00:00,41.788777786912505,42.046998942929825,41.751536172374955,41.796722412109375,20924000
2017-04-11 04:00:00,41.796724692155486,41.94222083078418,41.444156830554476,41.70634841918945,19486000
2017-04-12 04:00:00,41.63583126994994,41.897030226759085,41.592630241513895,41.78480529785156,22716000
2017-04-13 04:00:00,41.76394954236912,41.89753063602346,41.605545755909446,41.72124481201172,21474000
2017-04-17 04:00:00,41.78083234422091,42.48894961740524,41.76345039873209,42.463623046875,20982000
2017-04-18 04:00:00,42.335003628720145,42.575842804927156,42.27094654532691,42.40700912475586,18724000
2017-04-19 04:00:00,42.57585141879355,42.71538814198865,42.384172643486515,42.53215408325195,21606000
2017-04-20 04:00:00,42.692545050726125,42.90060937085515,42.58131271876473,42.70943069458008,23776000
2017-04-21 04:00:00,42.73624827059436,42.82662834132847,42.59274111518953,42.6533203125,23458000
2017-04-24 04:00:00,43.12456443942781,43.69661910810353,43.00886160435806,43.645469665527344,33930000
2017-04-25 04:00:00,43.81083589039101,44.30691471239328,43.662858230921586,44.1375846862793,40760000
2017-04-26 04:00:00,44.26420589937171,44.343659730457006,43.95434277755999,44.1524772644043,26466000
2017-04-27 04:00:00,44.19518007182641,44.363021168129436,44.055147057480504,44.266685485839844,46846000
2017-04-28 04:00:00,46.13182363432645,46.47445784803481,45.8448017960648,45.909358978271484,76918000
2017-05-01 04:00:00,45.89098137476171,46.47048433781864,45.72462919606997,46.321510314941406,46556000
2017-05-02 04:00:00,46.34386050652352,46.826531506237814,46.2311354870929,46.53355026245117,35026000
2017-05-03 04:00:00,46.481915608293384,47.184566066640436,46.44020348021383,47.0976676940918,36496000
2017-05-04 04:00:00,47.18903630011815,47.62850633797308,47.04403645737104,47.409019470214844,38752000
2017-05-05 04:00:00,47.508330561462486,47.59374381071034,47.0802830762986,47.18853759765625,32310000
2017-05-08 04:00:00,47.04800476312628,47.72036553610699,47.04551946317826,47.60615539550781,37534000
2017-05-09 04:00:00,47.737252040510455,47.78045307072177,47.39312512854132,47.50783157348633,33758000
2017-05-10 04:00:00,47.48350563448368,47.50783581432958,47.16669047418573,47.41497802734375,22920000
2017-05-11 04:00:00,47.23868941405582,47.57139759499371,47.10560841482097,47.46711349487305,20622000
2017-05-12 04:00:00,47.564448122077316,47.57090005232576,47.27692995502822,47.429874420166016,24298000
2017-05-15 04:00:00,47.43731630939563,47.80527707771907,47.314661457098865,47.632469177246094,26754000
2017-05-16 04:00:00,47.84749284750133,47.964184504227276,47.68858897561223,47.90012741088867,22030000
2017-05-17 04:00:00,47.65630761234301,47.72036470195675,46.68103198240997,46.78581237792969,48982000
2017-05-18 04:00:00,46.83695762969301,47.38219681155147,46.741118252944794,47.199459075927734,36010000
2017-05-19 04:00:00,47.314664081715186,47.649357462951514,47.273944562777324,47.40553665161133,27206000
2017-05-22 04:00:00,47.522231162158604,47.910555491309196,47.50038249625736,47.87331008911133,27748000
2017-05-23 04:00:00,48.16579425940525,48.39173302605479,47.89466167771871,48.195091247558594,30908000
2017-05-24 04:00:00,48.42897793264305,48.57099615153492,48.24872170800835,48.54567337036133,22660000
2017-05-25 04:00:00,48.61469880372038,49.44795244587493,48.556101037597934,49.253292083740234,39082000
2017-05-26 04:00:00,49.26024257879592,49.47824050703273,49.02983330538082,49.32331085205078,32728000
2017-05-30 04:00:00,49.285078035542476,49.53932499868886,49.22846926289896,49.46731948852539,30324000
2017-05-31 04:00:00,49.46930765176526,49.637645059905644,48.74778259818976,49.01642990112305,34482000
2017-06-01 04:00:00,49.208603983543696,49.3168585016576,48.72841446134228,49.076019287109375,26128000
2017-06-02 04:00:00,49.09091969338091,49.48271818511407,49.01544006401215,49.464839935302734,34710000
2017-06-05 04:00:00,49.55272599457195,50.02496705607206,49.43156005157283,49.85017395019531,27578000
2017-06-06 04:00:00,49.82187170550541,50.08505587439509,49.39928737075715,49.49264144897461,31042000
2017-06-07 04:00:00,49.61231758057516,49.85166788867017,49.452421103168035,49.73199462890625,27482000
2017-06-08 04:00:00,49.86755177906109,49.93558307241886,49.48966118731577,49.87003707885742,33758000
2017-06-09 04:00:00,49.93013160642568,49.930627908749706,47.3419793922619,48.173744201660156,72958000
2017-06-12 04:00:00,47.60764475696724,48.06846710767521,46.51915156354506,47.761085510253906,84042000
2017-06-13 04:00:00,48.26908774189394,48.56057632866987,47.77101994079067,48.1926155090332,40108000
2017-06-14 04:00:00,48.44090405373988,48.64946469308534,47.6468771400756,48.06499481201172,30110000
2017-06-15 04:00:00,47.07631205320229,47.704975533282926,46.69643241727006,47.680145263671875,48552000
2017-06-16 04:00:00,47.56741998797026,47.66872247848147,47.110075556725945,47.60267639160156,51184000
2017-06-19 04:00:00,48.15039862220305,48.629595522648145,48.07839690584965,48.42699432373047,29376000
2017-06-20 04:00:00,48.431467387522666,48.70359261559925,48.07840320287443,48.11763381958008,25946000
2017-06-21 04:00:00,48.20701710654915,48.64201663753908,48.14047470710039,48.59434509277344,23232000
2017-06-22 04:00:00,48.5089247119832,48.68918472682198,48.33214639015907,48.49651336669922,20190000
2017-06-23 04:00:00,48.4408981284628,48.99308934712927,48.38925238299885,48.96677017211914,31280000
2017-06-26 04:00:00,49.16093059165186,49.359065069678145,48.18416603105188,48.27156448364258,30358000
2017-06-27 04:00:00,47.75066006413527,48.029733492742224,47.03012764452893,47.07978439331055,48872000
2017-06-28 04:00:00,47.20740603112039,47.83209528017642,46.48736991430568,47.72135925292969,54912000
2017-06-29 04:00:00,47.24166960223247,47.257062550212794,46.16161732654267,46.569801330566406,64134000
2017-06-30 04:00:00,46.8761909965253,46.92634404803348,46.16211428898919,46.165592193603516,45754000
2017-07-03 04:00:00,46.34137954532232,46.392032689467364,45.4520133831645,45.6580924987793,33896000
2017-07-05 04:00:00,45.89346939571504,46.493828504046775,45.61687746165994,46.29370880126953,41882000
2017-07-06 04:00:00,45.933191354224356,46.4863751626198,45.677455510851054,46.066768646240234,40298000
2017-07-07 04:00:00,46.2306429416939,46.90946325905726,46.17105256814048,46.71828079223633,33266000
2017-07-10 04:00:00,46.774889103100755,47.33006194716031,46.774889103100755,47.22428894042969,29030000
2017-07-11 04:00:00,47.20045562653004,47.41745717929596,46.93230462783563,47.34992218017578,29224000
2017-07-12 04:00:00,47.713918715251666,48.149414572412255,47.524228919060505,48.05158996582031,32042000
2017-07-13 04:00:00,48.20751161942651,48.59980640307226,47.909567317126566,48.110679626464844,30492000
2017-07-14 04:00:00,48.36641032837009,48.54219604616145,48.17522787450457,48.51091384887695,21592000
2017-07-17 04:00:00,48.48161573480246,48.83070565092788,48.20750534539137,48.46373748779297,33210000
2017-07-18 04:00:00,48.33462585912776,49.20313584978742,48.269079865328976,49.00947189331055,28266000
2017-07-19 04:00:00,49.16143339828471,49.439017952019256,49.012459346203336,49.29848861694336,28242000
2017-07-20 04:00:00,49.50853022427339,49.5919544677151,48.89377083687307,49.26968002319336,28368000
2017-07-21 04:00:00,49.11127680277865,49.414684210878235,48.87143018740787,49.351619720458984,29266000
2017-07-24 04:00:00,49.36453239038867,49.964891502988685,49.174342521195065,49.57358932495117,79690000
2017-07-25 04:00:00,48.20254159270809,48.501974782006535,47.859903584203714,48.11961364746094,118672000
2017-07-26 04:00:00,48.30582932589759,48.363927002406854,47.68262898045306,47.93488693237305,44432000
2017-07-27 04:00:00,48.127057280113775,48.143942922031904,46.532059320845775,47.29926681518555,74358000
2017-07-28 04:00:00,47.07481901523198,47.76009120669446,46.94173423733242,47.58827590942383,36276000
2017-07-31 04:00:00,47.67120417259683,47.73029823943002,46.76395984060058,46.951171875,45670000
2017-08-01 04:00:00,47.06587894913961,47.39759071893611,46.924357029902225,47.003807067871094,28052000
2017-08-02 04:00:00,47.09369072305552,47.129943523252535,46.306619661489165,47.05744171142578,40788000
2017-08-03 04:00:00,47.12993966973773,47.17462960558878,46.650246475628165,46.69295120239258,22478000
2017-08-04 04:00:00,46.87420350718258,47.05247453865707,46.6681281807343,46.965576171875,25092000
2017-08-07 04:00:00,47.05147965561228,47.122988858803026,46.85185626884019,46.963584899902344,28916000
2017-08-08 04:00:00,46.8910866539163,47.298278050608474,46.80120668950348,46.8861198425293,30102000
2017-08-09 04:00:00,46.60108698937216,46.86476746659148,46.37613703297374,46.682029724121094,28018000
2017-08-10 04:00:00,46.42976598008257,46.494319371037115,45.773294477973856,45.86317443847656,54148000
2017-08-11 04:00:00,45.8691361011755,46.34832921705523,45.74548863807371,46.185951232910156,32334000
2017-08-14 04:00:00,46.63187572699155,46.729700322419774,46.40444424532348,46.62492370605469,23012000
2017-08-15 04:00:00,46.729198992338276,46.830501481619045,46.51120485518972,46.58271026611328,22130000
2017-08-16 04:00:00,46.740131919675754,47.16966832618652,46.68004524065566,46.890098571777344,26906000
2017-08-17 04:00:00,46.824547716558826,46.86725244736292,46.06429212436669,46.065284729003906,33914000
2017-08-18 04:00:00,46.031517688774066,46.23213369594944,45.85622825437015,45.991790771484375,26748000
2017-08-21 04:00:00,45.97143579935809,46.09458318392788,45.615390020109224,45.728111267089844,26024000
2017-08-22 04:00:00,46.030523955384496,46.775386587747875,45.99129334138037,46.69792175292969,35502000
2017-08-23 04:00:00,46.52908321708336,46.94769715887722,46.44168854941543,46.806175231933594,22690000
2017-08-24 04:00:00,46.86228439017759,46.99139117335831,46.21822422680223,46.52362060546875,25892000
2017-08-25 04:00:00,46.638824446623445,46.714304066961944,46.186446815436454,46.2063102722168,23746000
2017-08-28 04:00:00,46.2748386953657,46.422320034160585,45.98831315663476,46.088623046875,20988000
2017-08-29 04:00:00,45.682424769489444,46.58817645136603,45.650642480001785,46.467010498046875,23172000
2017-08-30 04:00:00,46.4630381436228,46.96904672291328,46.38259171295649,46.85831069946289,22406000
2017-08-31 04:00:00,46.99089684067953,47.53216562932232,46.98841532924905,47.434837341308594,33866000
2017-09-01 04:00:00,47.54557414399536,47.58827887269883,47.18853578897905,47.2734489440918,20858000
2017-09-05 04:00:00,47.01870719013701,47.24365715929838,46.45956391509962,46.75155258178711,29148000
2017-09-06 04:00:00,46.87023126372384,46.90151346220583,46.314562128280734,46.77836608886719,27830000
2017-09-07 04:00:00,46.88910433266215,47.19946376354139,46.555403538823356,47.16917037963867,22332000
2017-09-08 04:00:00,47.159735497248796,47.209392247054666,46.67855337043921,46.74807357788086,19998000
2017-09-11 04:00:00,47.035587108833965,47.3077084957266,46.72770922856847,46.841426849365234,26748000
2017-09-12 04:00:00,47.02168563167034,47.07978330657602,46.55391126449688,47.008277893066406,25696000
2017-09-13 04:00:00,46.95117007251797,47.31615301853787,46.91342837030026,47.196475982666016,21908000
2017-09-14 04:00:00,46.976001662904764,47.0768078586383,46.59661833328357,46.684513092041016,28548000
2017-09-15 04:00:00,46.682529619004086,46.76496126694241,46.24355589975979,46.44417190551758,39886000
2017-09-18 04:00:00,46.4302663602677,46.522131537880455,45.95305843499129,46.1690673828125,29474000
2017-09-19 04:00:00,46.35081384747561,46.57576001334915,46.015624170347266,46.52212905883789,24854000
2017-09-20 04:00:00,46.565333431582644,47.17462971420326,46.55391090217427,47.05247116088867,40080000
2017-09-21 04:00:00,47.0817753629833,47.31367356396197,46.64727216295322,47.05297088623047,27414000
2017-09-22 04:00:00,46.81561275163789,47.17463635086416,46.719773359566695,46.839942932128906,21496000
2017-09-25 04:00:00,46.650740892219694,46.66563753690124,45.90885616311772,46.394012451171875,37468000
2017-09-26 04:00:00,46.513688800646655,46.8806569830849,46.43572766771305,46.55043411254883,33454000
2017-09-27 04:00:00,46.81411994929878,47.940847407459586,46.77488933609088,47.66624069213867,46692000
2017-09-28 04:00:00,47.48499122703871,47.97808839406313,47.45023112356552,47.91006088256836,28018000
2017-09-29 04:00:00,47.96915479920715,48.456296375608446,47.96915479920715,48.35251235961914,40622000
2017-10-02 04:00:00,48.448347386915465,48.55213139355895,47.7680381845732,48.04214859008789,30782000
2017-10-03 04:00:00,48.046611121101414,48.288943004801645,47.80577572126807,48.27106475830078,21666000
2017-10-04 04:00:00,48.255183742281766,48.386279539954444,47.949787324329726,48.00788879394531,21156000
2017-10-05 04:00:00,48.30632892905481,48.9876307861304,48.18119254912472,48.922080993652344,35618000
2017-10-06 04:00:00,48.66435861686855,49.37247593490284,48.590367898277094,49.3416862487793,31060000
2017-10-09 04:00:00,49.4092235203176,49.680352348757864,49.235422989266155,49.2756462097168,25910000
2017-10-10 04:00:00,49.42411663973674,49.531874855580924,48.71947724434681,49.05168533325195,23268000
2017-10-11 04:00:00,49.11326323450886,50.03341910503716,49.058639670559714,49.93807601928711,36300000
2017-10-12 04:00:00,49.848196047645445,50.23055720672213,49.71213344009448,49.93807601928711,30614000
2017-10-13 04:00:00,50.10988872268009,50.39045106261792,50.00808992348855,50.04831314086914,26552000
2017-10-16 04:00:00,50.13570350922492,50.25339154893306,49.73298264478584,50.12179946899414,21420000
2017-10-17 04:00:00,50.026960834492414,50.38052128659426,49.957936929593906,50.203739166259766,20260000
2017-10-18 04:00:00,50.20622532166298,50.467420511107576,49.92168498104484,50.29014587402344,25596000
2017-10-19 04:00:00,49.89338201379376,50.021003692597475,49.52343599195012,49.748878479003906,34284000
2017-10-20 04:00:00,50.00758830964622,50.08703834280945,49.770223237509654,49.90926742553711,32120000
2017-10-23 04:00:00,49.914732663701706,49.945026046966035,48.81829479847159,48.93946075439453,32786000
2017-10-24 04:00:00,48.987131747138214,49.124186952329055,48.51935736122178,49.0859489440918,28902000
2017-10-25 04:00:00,48.97570791914483,49.38091410785213,48.55113836425098,49.23343276977539,30574000
2017-10-26 04:00:00,49.581531650167925,49.98077843539963,49.184270074131916,49.2314453125,47396000
2017-10-27 04:00:00,51.196390596147644,52.816715226801826,50.990807798038226,51.329471588134766,103682000
2017-10-30 04:00:00,51.10551621714494,51.63536244351195,50.76635613679809,51.30265808105469,46804000
2017-10-31 04:00:00,51.29621349049815,51.69347132945878,50.96350526730195,51.29819869995117,30326000
2017-11-01 04:00:00,51.46106657874977,52.03411384323455,51.34586004770845,51.77291488647461,43262000
2017-11-02 04:00:00,51.64331263518044,51.9179193548002,51.080691456460855,51.791290283203125,26694000
2017-11-03 04:00:00,51.78036130217102,52.17315232737553,51.52710697953897,52.1398811340332,27770000
2017-11-06 05:00:00,52.095690107089816,52.26899431391488,51.743118489051284,51.776885986328125,18294000
2017-11-07 05:00:00,52.12299350963558,52.30970922704865,51.79277446570332,52.259056091308594,26104000
2017-11-08 05:00:00,52.142867298920365,52.77053819847026,51.993897041239954,52.55204772949219,24276000
2017-11-09 05:00:00,52.041064684760954,52.18407550508539,51.437724052962494,52.02716064453125,35892000
2017-11-10 05:00:00,51.83597999249184,51.97303519052219,51.70438790800527,51.849884033203125,19442000
2017-11-13 05:00:00,51.683532386772704,52.07781234208004,51.60706016206189,51.70339584350586,18814000
2017-11-14 05:00:00,51.53059745090932,51.75802895792684,51.11396866200497,51.72525405883789,21012000
2017-11-15 05:00:00,51.395513894470234,51.62542685274989,51.18496430055414,51.46553039550781,18106000
2017-11-16 05:00:00,51.58173253207966,52.227777904926825,51.544490919324424,52.06440353393555,23768000
2017-11-17 05:00:00,52.130451647993425,52.190038230718805,51.33245440236815,51.43971252441406,26712000
2017-11-20 05:00:00,51.44517782730402,51.579255221275744,51.28031453608973,51.378639221191406,17526000
2017-11-21 05:00:00,51.645794539907406,52.15975157627767,51.601104600345096,52.15528106689453,22206000
2017-11-22 05:00:00,52.19798369716838,52.41002222182036,52.003823420762416,52.23572540283203,14538000
2017-11-24 05:00:00,52.35837645120541,52.6404314642922,52.23572159957967,52.46414566040039,16492000
2017-11-27 05:00:00,52.56594724604327,53.28449066074243,52.377246298566796,53.233341217041016,35430000
2017-11-28 05:00:00,53.33167013527834,53.63011073955164,52.365831718409666,52.80033493041992,36424000
2017-11-29 05:00:00,52.44726601324541,52.57588029522122,51.12985235916925,51.51370620727539,55866000
2017-11-30 05:00:00,51.64083296774188,51.8493936020272,51.15071358288769,51.45362091064453,45092000
2017-12-01 05:00:00,51.167589420837984,51.50674950996511,50.49671756517733,50.90242004394531,37762000
2017-12-04 05:00:00,51.03798586303307,51.213775380227396,50.11534852033116,50.24694061279297,38778000
2017-12-05 05:00:00,50.20323956996874,51.47894097114681,49.77271061590405,50.63079071044922,38998000
2017-12-06 05:00:00,50.4778498689434,51.62295187367375,50.41776319360288,51.28230285644531,28710000
2017-12-07 05:00:00,51.44865474324005,52.08675174240578,51.4133983373536,51.87074279785156,30866000
2017-12-08 05:00:00,52.230262114856416,52.45918249383802,51.934799343175996,52.109596252441406,31170000
2017-12-11 05:00:00,52.19550404064159,52.438328470351834,51.84839929720815,52.23820877075195,23254000
2017-12-12 05:00:00,52.14038684057645,52.76110573153569,51.885643565258455,52.079307556152344,33882000
2017-12-13 05:00:00,52.24366779127839,52.41250148924903,51.97054999918829,52.20940399169922,27680000
2017-12-14 05:00:00,52.41300113259816,52.98852991159332,52.31914696411874,52.511322021484375,30962000
2017-12-15 05:00:00,52.824665086630255,53.394238301481074,52.641431026923854,53.23284912109375,63760000
2017-12-18 05:00:00,53.45382961098067,53.952393752103475,53.151914863910314,53.88287353515625,30292000
2017-12-19 05:00:00,53.780071632886745,53.876903615370104,53.24625118498767,53.619178771972656,26350000
2017-12-20 05:00:00,53.67579729819263,53.69119024739217,53.064015651701865,53.31031799316406,28728000
2017-12-21 05:00:00,53.401185545240914,53.5069547589542,53.08387411553404,53.17573928833008,25640000
2017-12-22 05:00:00,53.133535958712216,53.21894542151822,53.01634420423306,53.076927185058594,17788000
2017-12-26 05:00:00,53.06599619515144,53.07692242246825,52.569421137291236,52.927452087402344,18376000
2017-12-27 05:00:00,52.96469643439168,53.04762437647613,52.55650865349434,52.64688491821289,22324000
2017-12-28 05:00:00,52.74868918487407,52.87730346921588,52.30822655638744,52.435848236083984,19884000
2017-12-29 05:00:00,52.41300334098902,52.540124921009514,52.274455442635634,52.3092155456543,23606000
2018-01-02 05:00:00,52.29035071257904,53.430485928803,52.29035071257904,53.29293441772461,31766000
2018-01-03 05:00:00,53.32868303809858,54.42959134462786,53.303856558824954,54.2021598815918,31318000
2018-01-04 05:00:00,54.478754373376354,54.82585910593442,54.33822505255014,54.4127082824707,26052000
2018-01-05 05:00:00,54.79457516859321,55.29760594286388,54.71263982971305,55.13423156738281,30250000
2018-01-08 05:00:00,55.169495378767486,55.57470161848857,55.119838624206935,55.328895568847656,24644000
2018-01-09 05:00:00,55.5389432030721,55.5389432030721,55.030449299116086,55.25837707519531,26808000
2018-01-10 05:00:00,54.970863023750084,55.25788489142035,54.820900159600235,55.12678909301758,20734000
2018-01-11 05:00:00,55.23454534843711,55.36067433046023,54.94504197942064,55.22163391113281,22424000
2018-01-12 05:00:00,55.12479796667836,56.177534659556635,55.02101396193982,56.145259857177734,38586000
2018-01-16 05:00:00,56.62495114176238,57.05051709977311,55.94712722945501,56.147743225097656,36462000
2018-01-17 05:00:00,56.428806325203404,56.575791366189605,55.78971292715813,56.56486892700195,27830000
2018-01-18 05:00:00,56.57727636394682,56.638851942112325,55.83787691226107,56.4094352722168,27498000
2018-01-19 05:00:00,56.51173441417679,56.797263569183215,56.23712769838544,56.78335952758789,30552000
2018-01-22 05:00:00,56.79925220323572,57.94435420687602,56.699934914928505,57.80928421020508,29550000
2018-01-23 05:00:00,58.1300708422983,58.521869311767695,57.96272603883527,58.405670166015625,39138000
2018-01-24 05:00:00,58.84315058490923,58.94594198355019,57.9701700441513,58.16333770751953,37128000
2018-01-25 05:00:00,58.631112623498296,58.84414374542783,58.19065003650471,58.70212173461914,29984000
2018-01-26 05:00:00,58.969782607908584,58.97127151489258,58.001462668878254,58.97127151489258,42170000
2018-01-29 05:00:00,58.993120309446525,59.489695383470256,58.79746733590673,58.917640686035156,31494000
2018-01-30 05:00:00,58.482641498195434,58.98964271166472,58.32323753435696,58.46525955200195,37338000
2018-01-31 05:00:00,58.785050386223745,58.90969424174536,58.20356217452964,58.70609664916992,36022000
2018-02-01 05:00:00,58.39673528514675,58.965812204270236,58.06750499036581,58.6748161315918,73514000
2018-02-02 05:00:00,55.9848709131568,56.17754230335684,55.17793633824946,55.57668685913086,117842000
2018-02-05 05:00:00,54.65354339282685,55.36762005040917,52.475071989564306,52.75563430786133,83550000
2018-02-06 05:00:00,51.344866102514416,53.99657493631653,51.14772424014689,53.8500862121582,76630000
2018-02-07 05:00:00,53.876907493264575,53.95437232711355,52.36980030079335,52.40903091430664,51942000
2018-02-08 05:00:00,52.6305085675889,52.832117193362386,49.89090439764005,50.040374755859375,66792000
2018-02-09 05:00:00,50.942644699709525,52.22579456653236,49.508535579311385,51.955162048339844,98360000
2018-02-12 05:00:00,52.471601723898786,52.91355326590404,51.916432633577266,52.366825103759766,56240000
2018-02-13 05:00:00,52.140383528081415,52.69754158754058,51.987439069853544,52.34596633911133,31586000
2018-02-14 05:00:00,52.35490489317309,53.405160155714356,52.130455011766124,53.267608642578125,41304000
2018-02-15 05:00:00,53.80142661926968,54.33028028169146,52.99598103659152,54.194217681884766,37396000
2018-02-16 05:00:00,54.29451883848713,55.035907260632065,54.20364627565302,54.39979553222656,39948000
2018-02-20 05:00:00,54.263738036919925,55.43217760494987,54.12668283215146,54.80152893066406,33754000
2018-02-21 05:00:00,55.075147552792025,56.42086565320764,54.99619001860539,55.306053161621094,41486000
2018-02-22 05:00:00,55.575190395688715,55.88753501449216,54.8789919557152,55.114864349365234,28010000
2018-02-23 05:00:00,55.5498643946512,56.06332509859273,55.042366895248946,56.01813507080078,25292000
2018-02-26 05:00:00,56.205341483074385,56.81811566364694,56.0802051174554,56.79328918457031,30912000
2018-02-27 05:00:00,56.79328752977517,56.82059930796053,55.45700318483845,55.49275588989258,42964000
2018-02-28 05:00:00,55.71572397232992,55.99629011248413,54.7722343255836,54.81791687011719,49292000
2018-03-01 05:00:00,55.09699091100111,55.182896669608,52.998958231780634,53.203548431396484,55338000
2018-03-02 05:00:00,52.53665044904334,53.972252268930404,52.14584836283531,53.835693359375,50162000
2018-03-05 05:00:00,53.53725079941223,54.68185272053652,53.24625474168803,54.36305236816406,28648000
2018-03-06 05:00:00,54.72753623216469,54.90282943870322,54.350138130426245,54.667945861816406,23382000
2018-03-07 05:00:00,54.26671587268303,55.42771090675819,54.122212344863556,55.3701057434082,30748000
2018-03-08 05:00:00,55.47736948722941,56.18449041281136,55.47736948722941,56.08219909667969,33862000
2018-03-09 05:00:00,56.5847318284133,57.65236906431244,56.32601813786458,57.64442443847656,42662000
2018-03-12 04:00:00,57.85347752786079,58.50448975214629,57.56298156472419,57.897178649902344,44306000
2018-03-13 04:00:00,58.19015556516624,58.49654456453966,56.33991789106401,56.60508728027344,43140000
2018-03-14 04:00:00,56.89756938298735,57.59078620383917,56.72625038684075,57.05101013183594,41870000
2018-03-15 04:00:00,57.08478305770545,57.72685428619265,56.3940476824959,57.13642501831055,33382000
2018-03-16 04:00:00,57.37179883170795,57.44429684750701,56.180514285100074,56.33246612548828,58656000
2018-03-19 04:00:00,55.50517559322201,55.58512193678122,54.07305175559994,54.62673568725586,63656000
2018-03-20 04:00:00,54.54380252699816,54.898855663358916,53.750275796840675,54.414695739746094,54598000
2018-03-21 04:00:00,54.2543044543219,55.05527952923379,53.98813867031982,54.325313568115234,44898000
2018-03-22 04:00:00,53.63060552982255,53.824765812367346,52.12250572238285,52.29680633544922,69312000
2018-03-23 04:00:00,52.20841055895609,52.97363287837408,50.89248594364896,50.97591018676758,49880000
2018-03-26 04:00:00,52.17017874638506,52.60071153990974,50.18288574353953,52.343482971191406,65984000
2018-03-27 04:00:00,52.83062371439159,52.862406005385694,49.53932482421722,50.002132415771484,60816000
2018-03-28 04:00:00,49.75235969519422,50.898454426276324,48.86299345719689,49.914737701416016,77698000
2018-03-29 04:00:00,50.21416875830112,52.04355037711645,49.85812300851257,51.50178527832031,69338000
2018-04-02 04:00:00,51.02904568382517,51.620467506554554,49.37197574603803,50.2846794128418,65068000
2018-04-03 04:00:00,50.45947703045491,50.89894704869862,49.52095040747162,50.58510971069336,51322000
2018-04-04 04:00:00,49.56961195881301,51.28329451593086,49.484202502071994,51.13283157348633,50724000
2018-04-05 04:00:00,51.961122527886616,51.97701177956681,50.84929165268748,51.2783317565918,35836000
2018-04-06 04:00:00,50.80458965170916,51.44517188929705,49.96786194599829,50.15159606933594,40134000
2018-04-09 04:00:00,50.652643178930234,51.8717359050067,50.610931054218156,50.655128479003906,33220000
2018-04-10 04:00:00,51.16014572107723,51.70389605094467,50.422731409142926,51.470008850097656,36620000
2018-04-11 04:00:00,51.24654352372498,51.438718582866905,50.61092806739458,50.901920318603516,34060000
2018-04-12 04:00:00,51.22022831284015,51.87471083487985,50.95108472637966,51.50923156738281,32896000
2018-04-13 04:00:00,51.985953777394286,52.28836481017805,51.15468524543255,51.447166442871094,25410000
2018-04-16 04:00:00,51.919408341979555,52.21139322000347,51.34189051595993,51.946720123291016,29776000
2018-04-17 04:00:00,52.69654636827257,53.87839363905151,52.49245247428239,53.598323822021484,54584000
2018-04-18 04:00:00,53.58094783201243,53.72942177957137,53.159356076861656,53.401187896728516,31126000
2018-04-19 04:00:00,53.08486657852938,54.499608420937356,53.08486657852938,54.099369049072266,39884000
2018-04-20 04:00:00,53.84214404516664,54.3625529712264,53.237810783368175,53.49702453613281,42434000
2018-04-23 04:00:00,53.77808261502056,54.02736653117638,52.968666653760614,53.322723388671875,69590000
2018-04-24 04:00:00,52.597231138886116,52.85991902068733,50.29610469177142,50.78175354003906,128220000
2018-04-25 04:00:00,51.134819331692285,51.44865666890862,50.50218163410897,50.799137115478516,57860000
2018-04-26 04:00:00,51.307128555365445,52.240692109281554,50.67300198042338,51.80817413330078,50926000
2018-04-27 04:00:00,51.91891083882618,52.22479975158579,51.027559488063176,51.219234466552734,40746000
2018-04-30 04:00:00,51.366721556848404,51.562867052071844,50.56624274753138,50.58014678955078,34492000
2018-05-01 04:00:00,50.466923441695464,51.729713492049775,50.18437210315958,51.68104934692383,35326000
2018-05-02 04:00:00,51.345860388309575,51.84144282855697,50.807573221615655,50.95108413696289,34698000
2018-05-03 04:00:00,50.91732212926173,51.181498929842796,50.04930831184697,50.9635009765625,39282000
2018-05-04 04:00:00,50.631291429483035,52.233741711394366,50.55382659530037,52.190040588378906,36892000
2018-05-07 04:00:00,52.333546040516524,52.8852409316235,52.1537861213205,52.610137939453125,34400000
2018-05-08 04:00:00,52.86636965891966,52.89666303909241,52.22181699981872,52.56693649291992,26030000
2018-05-09 04:00:00,52.84056110825252,54.32531967790491,52.741740112014114,54.074546813964844,47160000
2018-05-10 04:00:00,54.37496956441081,55.09053517194181,54.31935339965341,54.89488220214844,36414000
2018-05-11 04:00:00,54.6436182053472,55.07067307445984,54.485210634621545,54.791099548339844,30504000
2018-05-14 04:00:00,54.89985076782042,55.524543825293904,54.86161654761153,54.95100021362305,39338000
2018-05-15 04:00:00,54.46932189052054,54.579561619207226,53.56952581236141,53.87194061279297,35738000
2018-05-16 04:00:00,53.88287053385213,54.34418924040686,53.71105521051915,53.83320999145508,25628000
2018-05-17 04:00:00,53.702606351931685,54.1763363355625,53.45232983325288,53.69267272949219,25738000
2018-05-18 04:00:00,52.93490525680794,53.31875911494589,52.8693592526069,53.115657806396484,35482000
2018-05-21 04:00:00,53.580455034695674,54.290557592318855,53.53079828149444,53.82923889160156,25180000
2018-05-22 04:00:00,54.116752804645515,54.21606630323532,53.24575743425965,53.397212982177734,22226000
2018-05-23 04:00:00,53.1335407139086,54.02737749368181,52.98258144494389,53.92607498168945,23740000
2018-05-24 04:00:00,53.97274326612429,53.98366570467472,53.24774414950821,53.90073776245117,20604000
2018-05-25 04:00:00,53.955365130156125,54.10533177535372,53.75921963900276,53.83271026611328,22224000
2018-05-29 04:00:00,53.43147668986703,53.69664986811712,52.789901791366304,53.03769302368164,36076000
2018-05-30 04:00:00,53.30634015738228,53.57995426234568,52.96221324144176,53.50447463989258,28686000
2018-05-31 04:00:00,53.72942005855889,55.11983174410734,53.53079306510944,54.62325668334961,79368000
2018-06-01 04:00:00,55.2623552789487,56.51819339282308,55.2196467585276,56.36127471923828,63202000
2018-06-04 04:00:00,56.53507019815633,57.496441824139715,56.46058318094902,57.2570915222168,44754000
2018-06-05 04:00:00,57.33753656211115,57.657329500907885,56.980001919057884,57.15678024291992,32964000
2018-06-06 04:00:00,57.24368080257956,57.340016481076134,56.42681653296805,56.954673767089844,34934000
2018-06-07 04:00:00,56.836985788215344,56.901042877007704,55.92030793470756,56.33246612548828,36108000
2018-06-08 04:00:00,56.17307157290001,56.54897700475786,55.77680259203301,56.24755859375,27284000
2018-06-11 04:00:00,56.258974714670835,56.99390747701788,56.182502488140315,56.65424728393555,24796000
2018-06-12 04:00:00,56.66020866698051,57.044062508388954,56.66020866698051,57.01625442504883,26092000
2018-06-13 04:00:00,57.219349858790785,57.38620214134105,56.777398355223234,56.81960678100586,34302000
2018-06-14 04:00:00,57.215874807163566,57.90015441535998,57.135924677487125,57.60816955566406,35422000
2018-06-15 04:00:00,57.59873445939219,57.79686894469169,57.28937143086144,57.56645965576172,44438000
2018-06-18 04:00:00,57.23971315501688,58.800947645989076,57.15579260055312,58.77363586425781,33038000
2018-06-19 04:00:00,58.10474524418787,58.73539390461776,57.68265720009853,58.53080749511719,47282000
2018-06-20 04:00:00,58.75972796994395,59.66299812855992,58.69666348265127,58.7979621887207,51686000
2018-06-21 04:00:00,58.86947325360065,59.10881977379724,57.77551690309091,58.071475982666016,44966000
2018-06-22 04:00:00,58.173272998773406,58.34756981513518,57.58532527605931,58.06402587890625,34220000
2018-06-25 04:00:00,57.35442209620706,57.40358254449578,55.611442493783244,56.57380676269531,57682000
2018-06-26 04:00:00,56.81513477139679,56.950697265854835,56.063320225319536,56.243080139160156,34688000
2018-06-27 04:00:00,56.41093359208918,56.917938644881524,55.45254344675141,55.46446228027344,34538000
2018-06-28 04:00:00,55.23851007085474,56.31161027772536,54.924676555101556,55.95308303833008,29726000
2018-06-29 04:00:00,56.22769499324829,56.67709484019678,55.96500710597914,56.07276153564453,31562000
2018-07-02 04:00:00,55.38550401161837,56.75803751842146,54.9510008115559,56.71433639526367,23216000
2018-07-03 04:00:00,57.07733782598181,57.101668006377174,55.33982121696563,55.43168640136719,16448000
2018-07-05 04:00:00,55.84482759604021,56.81513638976616,55.77133318810046,56.67361068725586,28594000
2018-07-06 04:00:00,56.69745257010211,57.414010788010465,56.47250260924555,57.358394622802734,21820000
2018-07-09 04:00:00,57.60270924298741,57.99649291747193,57.46515773375603,57.96421432495117,21584000
2018-07-10 04:00:00,58.09878201874034,58.27307882321314,57.72982486321295,57.95725631713867,21334000
2018-07-11 04:00:00,57.38520871376855,58.61770920686952,57.37279736738944,58.17178726196289,33252000
2018-07-12 04:00:00,58.340615374266726,59.68782218932008,58.25321692428538,59.651573181152344,44148000
2018-07-13 04:00:00,59.72804813448699,60.10743145334592,59.355120533932975,59.808494567871094,32612000
2018-07-16 04:00:00,59.77820432896544,60.02152885106319,59.261269477937034,59.415706634521484,26784000
2018-07-17 04:00:00,58.73192582748196,60.52058807764801,58.69517672327645,60.23853302001953,40162000
2018-07-18 04:00:00,60.012585640696145,60.661112563929755,59.81544754950289,60.23008728027344,38948000
2018-07-19 04:00:00,59.91923197114627,60.407366119256885,59.47628785220785,59.54431915283203,38338000
2018-07-20 04:00:00,59.55126530783523,60.12381625317306,59.419669440239254,59.48373031616211,37938000
2018-07-23 04:00:00,59.3734979736454,60.33884006696403,59.19224533856686,60.1352424621582,65446000
2018-07-24 04:00:00,63.11469385972955,63.31332465557816,61.78089463877043,62.47659683227539,107600000
2018-07-25 04:00:00,62.201987178843154,63.4742107553043,62.02470875673829,63.36000061035156,51104000
2018-07-26 04:00:00,62.92499856764167,63.92907489845586,62.717430559685354,63.83472442626953,54686000
2018-07-27 04:00:00,64.0144889691298,64.12969172230792,61.79827183744187,62.215396881103516,48362000
2018-07-30 04:00:00,61.826081764816344,62.21539873641477,60.78923422389018,61.08072280883789,43896000
2018-07-31 04:00:00,61.1636500627155,61.63539867779118,60.392968331216366,60.94068908691406,39382000
2018-08-01 04:00:00,61.5311108635598,61.86828194893193,60.82746412810714,61.22720718383789,36994000
2018-08-02 04:00:00,60.50767427321739,61.79430203537155,60.485825605623155,61.63142395019531,34704000
2018-08-03 04:00:00,61.83253760079852,61.89907999822666,61.04993702608121,61.483943939208984,21264000
2018-08-06 04:00:00,61.65525531682005,61.697463740749235,61.10504932181174,61.45960235595703,22114000
2018-08-07 04:00:00,62.17169520757029,62.870378986521,62.16126907056883,62.36188507080078,42506000
2018-08-08 04:00:00,62.40558205234776,63.1504446729851,62.17715796998037,62.63450622558594,34344000
2018-08-09 04:00:00,62.70402268009503,63.16235972430303,62.57342319929309,62.7899284362793,27326000
2018-08-10 04:00:00,62.52773339381172,62.628043276062456,61.93085227703722,62.19651794433594,26602000
2018-08-13 04:00:00,62.13147794723232,62.86491806750739,61.924406221220146,62.00435256958008,27500000
2018-08-14 04:00:00,62.19602728338948,62.597755573942706,61.55246717712484,62.476097106933594,28080000
2018-08-15 04:00:00,61.78784648762988,62.17020764300499,60.892024593816956,61.1889762878418,37052000
2018-08-16 04:00:00,61.67412644521632,61.759043389503844,60.56378454814501,60.78376770019531,32176000
2018-08-17 04:00:00,60.68346499908718,60.927282040803384,59.787643089988364,60.37608337402344,33092000
2018-08-20 04:00:00,60.6149323186566,60.87563498332218,60.02102897018602,60.67898941040039,22218000
2018-08-21 04:00:00,60.73212553604658,61.21578917211743,60.335360264593454,60.45354461669922,23082000
2018-08-22 04:00:00,60.29513955244631,60.90642488678116,60.24548280080623,60.669063568115234,22296000
2018-08-23 04:00:00,60.576202084681825,61.335465070428214,60.54988290758907,60.63976287841797,24666000
2018-08-24 04:00:00,60.880104681225795,61.44619997520723,60.652673201303166,61.41392517089844,24454000
2018-08-27 04:00:00,61.78089542078315,62.46269358086583,61.609080102227516,62.38323974609375,28580000
2018-08-28 04:00:00,62.36486278187075,62.397637676874744,61.72279156401181,61.866302490234375,27330000
2018-08-29 04:00:00,62.320165289979144,62.92449851653526,62.21091817891766,62.79935836791992,36926000
2018-08-30 04:00:00,62.737295370987205,63.03971017819663,61.93334244809685,62.29236602783203,30104000
2018-08-31 04:00:00,62.181627427041164,62.19850928221183,60.8676879376506,61.16811752319336,42308000
2018-09-04 04:00:00,60.70730037499227,60.97296987986146,59.91476615856009,60.150638580322266,41458000
2018-09-05 04:00:00,60.0468498561786,60.327415986324205,58.36445325703717,59.54431915283203,53988000
2018-09-06 04:00:00,59.51800147315072,59.53885753593138,57.78197387354017,58.79399490356445,46854000
2018-09-07 04:00:00,58.19860032917103,59.02043530382708,58.06303781188098,58.47618865966797,32658000
2018-09-10 04:00:00,58.804421970461505,58.92658053520857,58.129575839004474,58.35055160522461,27670000
2018-09-11 04:00:00,58.15390772614469,59.13911325741079,57.89817186389085,59.09193801879883,29254000
2018-09-12 04:00:00,58.695172384751274,59.12669776184592,57.90859764733108,58.17873764038086,35716000
2018-09-13 04:00:00,58.58095957366541,58.98616575623651,58.060546857451136,58.70212173461914,40068000
2018-09-14 04:00:00,58.99311971042389,58.99311971042389,58.274076191844806,58.495548248291016,24176000
2018-09-17 04:00:00,58.48512386277596,58.6862361655645,57.526237497095515,57.594268798828125,34096000
2018-09-18 04:00:00,57.734800444942145,58.66190834598999,57.67372116161851,57.95577621459961,32314000
2018-09-19 04:00:00,58.04763697993807,58.410630935146756,57.53417630387659,58.311317443847656,25962000
2018-09-20 04:00:00,58.629133665512555,59.29106837226901,58.409646802027595,59.1703987121582,29244000
2018-09-21 04:00:00,59.33674994226577,59.41918159029943,58.201581512248055,58.204559326171875,91222000
2018-09-24 04:00:00,57.57341048981935,58.853578672277656,57.18061943196869,58.57400894165039,31150000
2018-09-25 04:00:00,58.80690195128173,59.43308009027321,58.30237848657922,59.28559875488281,33152000
2018-09-26 04:00:00,59.27567754536811,59.94853471601784,58.86401558601163,59.29404830932617,37650000
2018-09-27 04:00:00,59.589007570184826,60.42623164142763,59.49217558442596,59.95448684692383,36274000
2018-09-28 04:00:00,59.7921045446384,60.0086135736764,59.4812488306747,59.940582275390625,35612000
2018-10-01 04:00:00,60.23455683155307,60.79071847903882,59.74741529914835,60.0125846862793,33164000
2018-10-02 04:00:00,59.92022738792793,60.806615758270944,59.57213003168729,59.9683952331543,40180000
2018-10-03 04:00:00,60.18489763233136,60.29315215050966,59.69577087990158,60.16156005859375,26246000
2018-10-04 04:00:00,59.83878589735669,59.88198692902698,57.79389160215675,58.45036315917969,46576000
2018-10-05 04:00:00,58.397226233030224,58.69517051098388,57.32065186785569,57.99152374267578,31852000
2018-10-08 04:00:00,57.6027057183166,58.390273019094934,56.38113155167689,57.40010452270508,46190000
2018-10-09 04:00:00,57.17118354063311,57.6796774498576,56.81663048146986,56.86628723144531,33690000
2018-10-10 04:00:00,56.43079002409225,56.46157970876179,54.20166534767651,54.233943939208984,58980000
2018-10-11 04:00:00,53.58243732347526,55.4207600049258,53.42601496027823,54.163429260253906,67696000
2018-10-12 04:00:00,55.598536706158484,55.905918350482175,54.37646602991666,55.64323043823242,49370000
2018-10-15 04:00:00,55.517093589822906,55.70579074998411,54.53486590213734,54.744422912597656,30074000
2018-10-16 04:00:00,55.29263969587382,56.429300738232605,55.20673393788284,56.265926361083984,38378000
2018-10-17 04:00:00,56.609557342349035,56.9571583720068,55.31846293260537,55.993309020996094,35652000
2018-10-18 04:00:00,56.11298325717906,56.229678702436445,53.94493782172068,54.519474029541016,46152000
2018-10-19 04:00:00,54.807491207818124,55.66358619144851,54.47577940620576,54.88048553466797,41286000
2018-10-22 04:00:00,55.24447116448159,55.70032670121513,54.62325604352703,55.187862396240234,27116000
2018-10-23 04:00:00,54.190737437531055,55.51709200009875,53.58094485333182,55.3636474609375,37686000
2018-10-24 04:00:00,55.368115713015186,55.44856214064187,52.39164335362954,52.49393844604492,49286000
2018-10-25 04:00:00,53.64500440628176,55.508153530326545,53.40913200486425,54.80152893066406,72956000
2018-10-26 04:00:00,52.057457238578884,55.46743682357767,51.75454612630108,53.81632614135742,106438000
2018-10-29 04:00:00,54.451444940467006,55.061737669802305,50.01504399704819,51.38211441040039,81290000
2018-10-30 04:00:00,50.65115200598429,52.18507080798174,50.35122252103011,52.11604690551758,59768000
2018-10-31 04:00:00,53.044148755900416,55.020519198863425,53.044148755900416,54.15548324584961,70916000
2018-11-01 04:00:00,54.19619893653242,54.6182869579438,53.52184919136238,53.92705535888672,40132000
2018-11-02 04:00:00,54.077029900064716,54.523948253995975,53.01733728834594,53.20752716064453,43438000
2018-11-05 05:00:00,53.25916152587014,53.29988104253075,51.345859487915234,52.4249153137207,45358000
2018-11-06 05:00:00,52.38966118438446,53.621168994273006,52.319644677121005,53.112178802490234,28660000
2018-11-07 05:00:00,53.80341005489625,55.116353103820906,53.65940283457077,55.032432556152344,43388000
2018-11-08 05:00:00,54.98576533931927,55.0314478868205,53.84661884880092,54.35660171508789,33694000
2018-11-09 05:00:00,53.82973300484804,54.04474935157687,52.84850165956711,53.48213195800781,34860000
2018-11-12 05:00:00,53.28896281345424,53.337130656375315,51.66118977724127,52.10860061645508,34002000
2018-11-13 05:00:00,52.37923768968212,52.96817425261461,51.663672055984854,52.03957748413086,25750000
2018-11-14 05:00:00,52.63696053800622,52.92447870260061,51.69893020551954,52.36781692504883,34666000
2018-11-15 05:00:00,52.21288241227538,53.57399330003422,51.707862643052565,53.185672760009766,41584000
2018-11-16 05:00:00,52.896663446589216,53.254694378119986,52.383699074374555,53.04762268066406,35366000
2018-11-19 05:00:00,52.805296077851644,53.034220251724,50.79317666508989,51.01911544799805,45684000
2018-11-20 05:00:00,50.019513448654,51.51222041232468,49.7672554697324,51.16958236694336,54458000
2018-11-21 05:00:00,51.90749059270372,52.374272396289506,51.61699461554681,51.81413650512695,29698000
2018-11-23 05:00:00,51.32103632332067,51.79278494602068,51.07374137557679,51.15220260620117,14178000
2018-11-26 05:00:00,51.84243775943093,52.487983073476805,51.6323844450814,52.43534851074219,31558000
2018-11-27 05:00:00,52.206925926200434,52.97264461056947,51.91692626059895,52.25360107421875,33048000
2018-11-28 05:00:00,52.51083073428073,54.26870701340177,51.79029827591175,54.215572357177734,46042000
2018-11-29 05:00:00,53.80539363262839,54.63070262052612,53.7294177122673,54.35411071777344,31004000
2018-11-30 05:00:00,54.406256646407606,55.10245132446289,53.788019314758785,55.10245132446289,59668000
2018-12-03 05:00:00,56.22024318350778,56.36126880199864,55.20573692020723,55.43565368652344,57532000
2018-12-04 05:00:00,55.268311296593296,55.33038318123331,52.675692485555366,52.759613037109375,45630000
2018-12-06 05:00:00,51.892097404146035,53.60130954715465,51.766961025816045,53.534767150878906,47436000
2018-12-07 05:00:00,53.2442667619824,53.87988222444343,51.6125195900565,51.970550537109375,42682000
2018-12-10 05:00:00,51.78980016082642,52.617094416433666,51.29620668889493,52.29829406738281,33652000
2018-12-11 05:00:00,52.98157901437584,53.15339431671857,52.14534756171549,52.71889114379883,33852000
2018-12-12 05:00:00,53.48511212570508,54.21259284452468,53.231361456060775,53.31875991821289,28960000
2018-12-13 05:00:00,53.415091548646906,54.048225524488295,52.884748976627556,53.30931854248047,24986000
2018-12-14 05:00:00,52.63794669939201,53.21893858533403,52.10909307090876,52.22529220581055,36358000
2018-12-17 05:00:00,51.99190620437998,52.7551433832478,50.48331388401322,50.93122482299805,49932000
2018-12-18 05:00:00,51.34586657086721,52.62156813575699,51.171069648756266,51.81314468383789,43640000
2018-12-19 05:00:00,52.00580545395999,53.41707314047551,50.6223496369844,51.418357849121094,58264000
2018-12-20 05:00:00,50.94860355609423,52.013262945096464,50.04781864487211,50.828433990478516,53674000
2018-12-21 05:00:00,51.24853426247188,51.52810399378867,48.72345050801858,49.22300338745117,104656000
2018-12-24 05:00:00,48.878877361733565,50.259355463309994,48.5481581801127,48.89625930786133,36360000
2018-12-26 05:00:00,49.55769204069396,52.063408401062034,49.29251888962667,52.03361511230469,46318000
2018-12-27 05:00:00,50.95853497021103,52.30623816241729,50.005107957942045,52.28438949584961,45996000
2018-12-28 05:00:00,52.61212920045971,52.847009005559165,51.74312279410953,51.975521087646484,34398000
